{
  "1": 1.0,
  "2": 0.1679999977350235,
  "3": 0.164000004529953
}