{
  "1": 0.5600000023841858,
  "2": 0.1340000033378601,
  "3": 0.17800000309944153
}