{
  "1": 1.0,
  "2": 0.14399999380111694,
  "4": 0.1940000057220459,
  "8": 0.3240000009536743
}