{
  "1": 1.0,
  "2": 0.14800000190734863,
  "4": 0.17000000178813934,
  "8": 0.18400000035762787
}